order_id,product_id,inventory_level,delivery_route,delivery_time,cost_per_delivery,demand_forecast,actual_sales,delivery_delay,demand_gap
1,10,663,Route_A,1.1432274212535067,231.6038752920007,585,674.945857883116,-5.511548051239917,89.94585788311599
2,42,345,Route_B,11.567063735159772,277.9362122836545,651,687.214614738352,4.912288262666348,36.214614738352
4,1,235,Route_C,3.567021807073743,471.27765442650883,833,908.1783675408591,-3.087753665419681,75.17836754085909
5,21,771,Route_C,9.317967957208293,174.00146433403955,201,232.83093490901632,2.6631924847148687,31.83093490901632
7,36,320,Route_A,11.118641451697693,72.05725080630299,116,134.49943647605784,4.463865979204269,18.499436476057838
8,49,778,Route_C,11.543484893623075,456.22464451831934,909,913.2645359263275,4.888709421129652,4.2645359263275395
11,32,613,Route_B,8.59212423332351,203.05335952467047,346,401.50168145792645,1.9373487608300861,55.50168145792645
12,14,537,Route_B,5.00706718330127,61.86852228458309,775,921.601192387685,-1.6477082891921535,146.60119238768505
15,13,657,Route_A,2.483383602280555,474.3628623989502,101,113.64809295477015,-4.171391870212869,12.64809295477015
17,25,292,Route_D,2.7691755458678085,425.1606733571349,196,205.84518570199447,-3.8855999266256154,9.845185701994467
18,31,202,Route_A,10.385726640325446,171.35100524172404,72,82.09244952640653,3.730951167832022,10.092449526406526
22,33,177,Route_B,1.3559697312891252,78.96980991716032,323,343.35140825395104,-5.298805741204299,20.351408253951035
25,21,915,Route_D,11.104202963669863,323.8713727001496,83,93.76911945330102,4.449427491176439,10.769119453301016
27,14,330,Route_C,7.911612460965852,66.15989681258084,878,1016.8767395844175,1.2568369884724282,138.87673958441746
28,7,860,Route_B,11.984426548423347,204.33713764642522,63,74.60448047247074,5.329651075929923,11.60448047247074
30,45,488,Route_A,2.778362181631681,440.9367245388652,962,1099.1621917748844,-3.876413290861743,137.16219177488438
32,9,982,Route_C,1.145864885565521,115.55266923141723,820,887.2209546910545,-5.508910586927903,67.22095469105454
33,9,259,Route_D,3.0251808417507773,439.4391099240538,896,1024.197746975223,-3.6295946307426465,128.19774697522303
34,9,759,Route_C,4.498837031507918,161.78731763433484,752,765.7028626806009,-2.155938440985506,13.702862680600902
38,43,833,Route_C,11.231754542253725,212.11674555333926,999,1066.3414302951483,4.576979069760301,67.34143029514826
39,10,645,Route_D,5.583088584293962,263.88467111145667,614,657.1858120375391,-1.0716868881994621,43.18581203753911
42,31,350,Route_D,4.058313003524198,155.6613949038781,933,1020.9517438230185,-2.596462468969226,87.95174382301855
43,14,872,Route_D,9.63912882643711,209.19025484223948,376,384.79662703620346,2.9843533539436864,8.79662703620346
44,10,601,Route_B,10.412394367991126,477.1992539994943,918,991.0666273785866,3.7576188954977026,73.06662737858665
47,32,991,Route_A,10.443070728211769,292.77445915273245,815,946.6232058176695,3.788295255718345,131.6232058176695
50,34,284,Route_A,10.318411811385362,393.4013082017339,961,1108.6050068590876,3.663636338891938,147.60500685908755
53,41,157,Route_D,6.887302196187517,233.25775448971302,818,906.0423769314248,0.2325267236940931,88.04237693142477
56,42,568,Route_A,8.274497963526581,233.4979763497763,456,492.7090293737822,1.6197224910331576,36.70902937378219
58,32,537,Route_B,10.059933903258843,172.3449705209831,135,139.20187860496452,3.405158430765419,4.20187860496452
59,1,947,Route_A,3.8414532471359797,367.04731422907804,608,609.7205818250953,-2.813322225357444,1.720581825095337
60,26,797,Route_B,10.750704073493612,171.29726234014612,263,272.514701309035,4.095928601000188,9.51470130903499
62,20,571,Route_D,2.7783195292321055,151.56950785712678,565,652.2037773762398,-3.8764559432613184,87.20377737623983
66,3,312,Route_A,10.470174528314246,440.93225923702283,417,497.88562585319505,3.815399055820822,80.88562585319505
69,34,628,Route_A,1.9273617309940856,129.83389917187895,721,854.1536406777262,-4.727413741499339,133.15364067772623
71,18,872,Route_A,9.878948546601098,290.5448142631099,183,188.95163792786096,3.224173074107674,5.951637927860958
72,11,927,Route_A,2.7277971563017873,184.1732943699821,919,1056.5704923320488,-3.9269783161916365,137.57049233204884
76,18,105,Route_D,6.106749447237365,450.8842561526512,352,386.115694099719,-0.5480260252560587,34.11569409971901
80,39,241,Route_A,6.259305581611881,262.4475620974081,222,238.71462411508165,-0.39546989088154305,16.714624115081648
81,11,243,Route_D,6.713613044790664,440.43743348944577,920,974.0957169951861,0.05883757229724029,54.09571699518608
83,11,733,Route_D,9.355317879398083,97.22943993939387,644,721.678749552128,2.700542406904659,77.67874955212801
90,47,196,Route_B,4.769949775681869,50.40016729619362,706,768.599465729269,-1.8848256968115544,62.59946572926901
91,4,839,Route_C,3.946108331665912,462.8273401396773,243,259.82968975521163,-2.708667140827512,16.829689755211632
92,1,443,Route_C,8.742077851988357,469.69373247513005,623,700.6909976925124,2.0873023794949335,77.69099769251238
93,43,732,Route_C,9.12289413987275,142.5963004853591,908,934.4541260443704,2.4681186673793265,26.454126044370355
97,42,351,Route_B,1.05269338863416,116.13746782521685,67,68.7489249840508,-5.602082083859264,1.7489249840508023
98,1,608,Route_D,5.395664569473825,348.4652812521808,201,217.5323721870454,-1.2591109030195993,16.53237218704541
99,48,672,Route_D,8.054979475147618,302.4857177349836,690,735.9525377849988,1.4002040026541946,45.95253778499875
101,8,872,Route_D,9.653131413330977,180.7041101649039,303,349.18962304978766,2.998355940837553,46.189623049787656
103,1,914,Route_A,2.182056939502518,160.87291065890105,173,196.03763918822963,-4.472718532990906,23.037639188229633
104,40,838,Route_B,7.210649076894326,263.1938699499369,125,145.122808126817,0.5558736044009018,20.122808126817006
105,17,772,Route_D,7.606241577966811,168.93629646002827,550,648.2735411714284,0.9514661054733873,98.2735411714284
106,16,585,Route_A,11.592469416068518,203.57476205046837,826,846.7849214917992,4.937693943575094,20.784921491799196
110,39,100,Route_A,9.397962499464604,247.0799075225688,832,856.1746738825632,2.7431870269711807,24.174673882563184
111,34,152,Route_B,1.9728971261142045,450.1897903999823,195,215.15012997341148,-4.68187834637922,20.15012997341148
113,39,962,Route_A,1.2171787008325816,193.87945749417327,821,843.877610399351,-5.437596771660842,22.877610399351056
115,37,383,Route_B,6.3398125588621825,88.56922308318815,225,232.34718270315162,-0.3149629136312413,7.347182703151617
116,49,699,Route_B,2.1762259770050414,393.2290037899282,734,863.4825125832276,-4.478549495488382,129.48251258322762
118,5,946,Route_A,7.250069301035612,232.9303628279021,501,534.949762687669,0.5952938285421885,33.94976268766902
120,37,359,Route_A,10.764759460979898,141.92217221505445,54,58.60632447050177,4.109983988486474,4.606324470501768
123,34,394,Route_D,8.465570263152642,396.88519237458485,206,210.364458984205,1.8107947906592186,4.364458984204987
126,41,409,Route_A,9.934016434799023,481.6006501835701,66,67.06957177120475,3.2792409623055994,1.0695717712047497
130,19,596,Route_B,4.03215382415992,370.90387117361934,73,75.351980792819,-2.622621648333504,2.351980792819006
132,43,205,Route_C,10.322188252085274,318.8561837094533,343,382.7019486596462,3.6674127795918503,39.70194865964618
135,12,420,Route_D,5.649387916244628,485.54229162346985,842,895.8441127453706,-1.0053875562487962,53.84411274537058
136,48,520,Route_C,4.08832760265538,476.1338829730774,912,977.9693881753255,-2.5664478698380435,65.96938817532555
139,1,591,Route_A,11.53015244258631,449.54350474847917,110,122.39711551978121,4.875376970092886,12.39711551978121
140,6,989,Route_B,7.913911784280466,375.2771817090201,964,1118.0672677734779,1.2591363117870422,154.06726777347785
143,12,295,Route_A,5.055583611727043,426.43721249443604,827,932.6684287916067,-1.599191860766381,105.66842879160674
145,2,525,Route_A,9.183686680581573,383.57991048261187,178,185.38739777614734,2.5289112080881493,7.387397776147338
148,48,901,Route_D,10.329344451217477,197.8922998176424,765,896.3507439368818,3.6745689787240527,131.35074393688183
149,4,138,Route_A,3.71468236695971,111.97958332352763,778,834.5070614356405,-2.940093105533714,56.50706143564048
151,12,662,Route_D,10.203191793033225,483.71321795091717,737,867.0410279185996,3.5484163205398014,130.04102791859964
157,15,776,Route_A,8.051567390893299,447.2178985041586,150,160.75497220481122,1.3967919183998747,10.754972204811224
159,19,273,Route_D,5.990797695287425,395.86942612035676,584,680.8076107859326,-0.6639777772059992,96.80761078593264
160,24,155,Route_A,8.877650282246071,259.5395101106597,369,385.73213368150505,2.222874809752647,16.732133681505047
163,46,182,Route_C,6.375493844384193,362.2332153579219,930,1056.0848597221766,-0.2792816281092305,126.08485972217659
165,21,834,Route_D,10.536148419986304,98.71787225119378,249,293.79374780325594,3.8813729474928804,44.79374780325594
167,38,548,Route_B,4.946307578586101,401.7306836646575,924,935.9938876110592,-1.708467893907323,11.993887611059222
169,3,670,Route_C,2.531931311521586,55.23866069385732,573,622.9010878934711,-4.122844160971837,49.90108789347107
172,42,525,Route_B,9.3058432376701,430.59155703147735,930,1026.0887723781445,2.651067765176676,96.08877237814454
174,13,696,Route_D,4.718835587249142,251.27089204584595,191,206.36634142294832,-1.9359398852442817,15.366341422948324
176,25,626,Route_C,4.756270987315226,77.80974264452107,674,687.2652660041973,-1.898504485178198,13.265266004197315
177,19,850,Route_B,7.609904506669547,415.1721886342433,608,698.9097451487788,0.9551290341761236,90.90974514877882
178,30,546,Route_D,10.57714563100031,486.8981306723009,254,290.94592581435717,3.9223701585068858,36.94592581435717
182,29,404,Route_C,10.301505218104873,92.43744563053465,921,1031.7082528081653,3.6467297456114496,110.7082528081653
183,4,200,Route_A,7.361744899198841,97.49306628358195,800,806.8491998376262,0.7069694267054167,6.849199837626202
184,12,799,Route_B,1.6453936715352793,130.78976623382658,337,391.2494040320175,-5.009381800958145,54.24940403201748
185,12,779,Route_B,6.016492896874402,321.02004977677075,982,1156.7795986122408,-0.638282575619022,174.77959861224076
186,31,608,Route_D,7.226142544930426,185.91269200171132,190,226.5570697162284,0.5713670724370026,36.5570697162284
187,13,929,Route_D,7.491208214797421,59.4901862763699,333,352.96896161322866,0.8364327423039972,19.968961613228657
192,39,707,Route_B,3.2441902214451646,186.62570749711597,907,1018.0351210763791,-3.4105852510482593,111.03512107637914
194,38,225,Route_B,7.064983223981391,53.986910622880735,473,492.2415063768141,0.41020775148796673,19.241506376814073
195,37,348,Route_B,11.627275564707682,127.64165942700035,279,306.7532017509717,4.972500092214259,27.753201750971698
199,12,104,Route_B,5.117567413259408,359.0443130106833,630,639.0308505416386,-1.5372080592340156,9.030850541638642
200,2,916,Route_B,2.5029500243421032,345.58800695820355,615,732.2616679860839,-4.151825448151321,117.26166798608392
201,5,962,Route_B,8.44098903947087,91.18509452664284,146,175.06126999980694,1.7862135669774455,29.06126999980694
202,29,243,Route_D,1.0741060846174457,167.02850599700298,871,973.0666797688219,-5.580669387875978,102.06667976882193
204,34,434,Route_B,10.839441114344595,247.35410270642092,726,758.8652927504413,4.184665641851171,32.86529275044131
205,10,795,Route_D,9.632337308482244,73.52665393227502,817,932.2260428419243,2.97756183598882,115.22604284192425
208,22,318,Route_D,10.563077595693219,201.89167494379546,594,664.9650567073854,3.908302123199795,70.96505670738543
210,19,694,Route_B,1.26886465091162,357.16554684922465,101,111.13449896493971,-5.385910821581804,10.13449896493971
216,30,589,Route_B,2.7981303163581694,261.0571434500261,677,684.6985288086435,-3.8566451561352544,7.698528808643459
217,17,898,Route_D,5.683290444090932,239.42494175689922,101,113.56894161910176,-0.9714850284024914,12.568941619101764
219,39,633,Route_D,4.508754706676871,281.64056515065784,613,653.0264632358869,-2.1460207658165524,40.02646323588692
221,48,848,Route_A,1.1993827946556614,346.4292274065495,359,370.94554200573697,-5.455392677837763,11.945542005736968
223,22,244,Route_C,7.505440682723615,327.82811168076927,801,925.761132775081,0.8506652102301908,124.76113277508102
224,49,723,Route_B,7.546888584221893,389.5278923293948,204,225.16871244120827,0.8921131117284693,21.16871244120827
227,28,636,Route_A,2.4694566748123155,383.02913271068087,953,957.8658679427493,-4.185318797681108,4.8658679427493325
229,32,538,Route_B,6.6028777653732655,140.2535772244164,945,956.9235154145102,-0.05189770712015829,11.923515414510234
231,28,189,Route_D,6.424947004682199,314.3272539575029,994,1000.3581882209534,-0.2298284678112248,6.358188220953366
234,43,999,Route_D,9.694240569199795,451.47849509437225,407,486.40024418786425,3.0394650967063717,79.40024418786425
236,45,312,Route_A,10.344361552165745,242.28025127820263,116,131.251231608063,3.6895860796723214,15.251231608062994
237,35,251,Route_A,2.7272934028984226,311.394665699403,803,866.4801642012305,-3.9274820695950012,63.48016420123054
239,21,674,Route_C,9.560233509126846,268.02745826896285,128,129.26273384523972,2.905458036633422,1.2627338452397225
241,29,477,Route_B,8.011925197824368,323.3532633257171,180,183.55463956870514,1.3571497253309444,3.5546395687051415
242,32,840,Route_D,2.1474833312281953,410.6387727547644,285,337.1533839079846,-4.5072921412652285,52.15338390798462
243,28,655,Route_A,1.1632354027271408,142.09027474353712,669,716.0608006004172,-5.491540069766283,47.060800600417224
244,25,136,Route_A,1.4246240783993758,173.70530679975911,201,203.96045735966098,-5.230151394094048,2.9604573596609782
245,3,694,Route_D,1.2124954842008275,435.9032374773401,825,907.5286603667597,-5.442279988292596,82.52866036675971
246,25,655,Route_D,5.360202517093395,392.43800043624975,977,1047.5085247392083,-1.294572955400029,70.50852473920827
250,33,686,Route_A,2.821812945599959,142.1928849832545,237,246.6886888494424,-3.8329625268934646,9.6886888494424
252,39,580,Route_B,1.2054758975145257,466.447302009492,886,914.4008426846228,-5.449299574978898,28.40084268462283
253,33,598,Route_D,2.4806232948298703,118.64450924236463,292,340.5796755289658,-4.1741521776635535,48.57967552896582
254,27,145,Route_C,2.8762784235443113,480.4868952045445,87,97.645074804726,-3.7784970489491125,10.645074804725994
255,4,772,Route_C,7.759721371380827,425.23452409895583,568,640.7884098732253,1.1049458988874035,72.7884098732253
262,33,324,Route_A,10.199871292938312,341.1253244828492,92,92.01518614964462,3.545095820444888,0.015186149644620173
263,4,488,Route_C,7.806295561681193,383.48363235509544,918,989.0468287878208,1.1515200891877688,71.0468287878208
265,33,902,Route_D,8.760255596614844,217.45448389031293,85,101.90839223263916,2.10548012412142,16.90839223263916
266,29,872,Route_B,9.920152606269845,190.94274673306322,289,302.72712444320973,3.265377133776421,13.727124443209732
267,17,332,Route_B,6.892444557215453,443.2530715595666,386,425.4468464324024,0.23766908472202886,39.446846432402424
268,27,946,Route_C,9.596563752533024,80.04299738884853,802,900.7050293772269,2.9417882800396002,98.70502937722688
272,24,401,Route_A,8.921095526358522,318.5189108693538,617,712.954640341791,2.2663200538650985,95.95464034179099
274,35,502,Route_B,11.746416363877085,203.02824723198302,419,494.8097431834789,5.091640891383661,75.80974318347887
275,23,311,Route_D,3.4947600943428214,439.37340108113625,509,512.6493192258744,-3.1600153781506024,3.6493192258743647
277,23,100,Route_C,8.59474450088604,456.0580409945725,370,416.8214176272867,1.9399690283926168,46.82141762728668
278,27,651,Route_A,1.1279546492990353,453.23854901768124,996,1108.3433179752085,-5.526820823194388,112.34331797520849
282,14,490,Route_A,6.745798189768742,147.01129992063517,429,435.1246198476973,0.09102271727531797,6.124619847697318
283,6,813,Route_C,10.810299242821092,170.9955081836402,852,979.797232957122,4.155523770327668,127.79723295712199
285,50,174,Route_D,2.597559732603926,141.2255582500926,561,664.8326619813195,-4.057215739889498,103.83266198131946
286,46,369,Route_C,6.162496840639545,470.8082128712784,287,291.064909162824,-0.4922786318538792,4.064909162823994
287,38,988,Route_C,7.764114154710846,109.52026163423342,851,1008.972470686902,1.1093386822174223,157.97247068690206
294,47,221,Route_C,9.234172050862785,312.93605659663893,701,799.3739487751167,2.5793965783693613,98.37394877511667
298,25,944,Route_B,11.3394634586733,241.87944447091886,876,876.8857215679424,4.684687986179877,0.8857215679423689
301,39,330,Route_C,11.464998885534811,335.3354744365941,939,1044.5087287444424,4.8102234130413875,105.50872874444235
304,47,151,Route_A,11.199351998488696,363.8703979086947,748,832.4747922394941,4.544576525995272,84.47479223949415
305,28,760,Route_D,6.857144194740288,267.2440022867899,253,299.2164921690305,0.20236872224686397,46.216492169030516
307,10,368,Route_A,11.876130130136723,420.67556753311436,268,295.30699048213427,5.221354657643299,27.306990482134267
313,42,438,Route_C,3.337915133447672,153.29336896668104,771,777.4084843230065,-3.3168603390457516,6.408484323006519
314,50,719,Route_C,4.380145167345988,76.65270776210386,343,368.66551190142474,-2.2746303051474355,25.665511901424736
315,39,192,Route_C,5.911268487667043,72.6673515209655,950,962.7153379561724,-0.7435069848263804,12.715337956172448
319,31,235,Route_A,6.780420029307051,295.28228163445795,862,987.7941658402724,0.12564455681362752,125.7941658402724
320,4,362,Route_D,1.0890614120796136,87.67378029274576,683,779.0210677356217,-5.565714060413811,96.02106773562173
321,12,210,Route_A,8.95539232817633,76.58697941204568,650,779.2861264200584,2.3006168556829065,129.2861264200584
327,10,331,Route_A,6.090998357044509,123.71673864718663,360,379.99570830806675,-0.5637771154489144,19.995708308066753
329,35,991,Route_A,10.227997247334292,277.6303588842251,513,595.6483782234021,3.573221774840868,82.64837822340212
330,40,673,Route_C,6.543302735494747,191.1310363057882,506,582.4215420416415,-0.11147273699867721,76.42154204164149
331,27,213,Route_A,2.507817552729412,332.96928093404085,362,421.02417288729333,-4.146957919764011,59.02417288729333
333,28,504,Route_B,9.430338644667941,410.62617640369905,985,1160.9954940930268,2.7755631721745173,175.99549409302676
334,48,213,Route_C,6.9726465107578095,102.83169726445871,241,279.90670238343216,0.3178710382643857,38.90670238343216
336,21,350,Route_A,7.947516512313966,303.5994556675804,197,210.20080351786757,1.292741039820542,13.20080351786757
337,4,872,Route_A,3.581374159577899,367.4624999527085,373,439.3327890103939,-3.0734013129155247,66.33278901039392
338,6,760,Route_A,6.583776245363993,405.2225286431107,999,1115.3194127803133,-0.07099922712943041,116.31941278031331
339,3,120,Route_A,7.478841200989783,215.75116866318646,336,377.74807168087176,0.8240657284963593,41.74807168087176
345,50,133,Route_C,9.661587301664085,60.31482958554039,925,934.3758180481888,3.006811829170661,9.375818048188762
348,11,626,Route_A,4.583813231551673,389.8287771855092,977,1023.660011248593,-2.0709622409417507,46.66001124859304
349,18,688,Route_C,8.446320108600617,165.8636726209462,224,234.9005632060318,1.7915446361071927,10.90056320603179
350,5,797,Route_D,2.0584590977020873,420.0764200859945,926,1070.7914596688215,-4.5963163747913365,144.79145966882152
351,32,645,Route_D,7.29045171644014,231.12946803692807,831,975.1567010406831,0.6356762439467163,144.15670104068306
352,46,360,Route_B,11.062942080657882,234.88396561759862,371,396.73750532132505,4.408166608164458,25.737505321325045
356,12,439,Route_D,9.492245867884687,263.7934969261404,88,96.55697802926704,2.8374703953912634,8.556978029267043
357,11,550,Route_A,11.249896154455513,310.8487428556272,79,87.0153231800491,4.595120681962089,8.015323180049094
359,8,142,Route_D,11.207552589562992,238.49288829683178,154,163.81815760240102,4.552777117069568,9.818157602401016
361,38,838,Route_C,4.730262956287776,329.98763754355076,237,259.0592147014223,-1.924512516205648,22.05921470142232
362,17,657,Route_A,5.1439820628165345,430.23959089414075,268,310.73406863790814,-1.5107934096768894,42.73406863790814
363,28,165,Route_B,11.827457101238586,256.5427049953957,666,675.7085620059466,5.1726816287451625,9.708562005946646
367,15,690,Route_C,5.784025992632901,475.1029917696124,995,1052.5183454612245,-0.8707494798605229,57.5183454612245
368,38,884,Route_B,2.1889478306264083,264.318652996378,537,557.2283677082023,-4.4658276418670155,20.228367708202313
369,30,258,Route_D,1.7965121731715994,173.37175522816403,807,904.0507556876665,-4.858263299321824,97.05075568766654
370,32,600,Route_A,5.478468787219628,153.65212225057874,611,673.181353795155,-1.1763066852737962,62.18135379515502
371,29,424,Route_B,6.378531566418873,189.86813917226235,486,556.6124687522116,-0.2762439060745505,70.61246875221161
372,50,401,Route_D,4.704643326054484,188.8986694592645,310,324.8315799158274,-1.95013214643894,14.831579915827376
374,47,928,Route_C,3.063418170473889,252.71843225944156,311,354.26600867303137,-3.5913573020195346,43.266008673031365
375,14,427,Route_C,2.2671455627024177,386.09408429772293,445,527.3338066870691,-4.387629909791006,82.33380668706911
376,44,965,Route_A,4.722764395096563,183.43108038720413,844,931.8596519548688,-1.9320110773968606,87.85965195486881
377,12,668,Route_D,11.93821702918545,358.11096919233165,874,1031.74006047054,5.2834415566920265,157.7400604705399
383,32,322,Route_B,7.883849578474673,391.9152972795795,972,989.4782762570915,1.2290741059812493,17.478276257091466
385,44,450,Route_D,7.828783600842991,86.28401970374944,576,616.9480548687757,1.1740081283495671,40.94805486877567
386,26,507,Route_B,10.10898129963003,365.9195971102562,444,502.28245862683303,3.4542058271366054,58.282458626833034
387,36,735,Route_D,4.571541234522909,278.0233666620411,859,921.6797297103857,-2.0832342379705144,62.679729710385686
388,39,124,Route_B,7.984906800097487,345.7755130789786,458,546.9654489353298,1.3301313276040636,88.96544893532985
389,13,696,Route_B,8.142270148509107,168.7132403966835,293,305.2012677938531,1.4874946760156833,12.201267793853106
392,40,776,Route_A,4.422983347849201,293.84698325703187,105,108.08330890472438,-2.2317921246442225,3.083308904724376
393,35,207,Route_D,1.566458486319748,478.91201887469657,97,103.39778811654685,-5.088316986173676,6.397788116546849
394,42,241,Route_D,10.396447837739606,253.90180031912453,837,912.4648891459798,3.741672365246182,75.46488914597978
396,24,649,Route_D,6.98385909252456,79.0889918031729,527,583.0268305406532,0.32908362003113645,56.026830540653236
397,5,728,Route_C,11.836991373129433,205.64624745435376,721,723.9456797195742,5.182215900636009,2.945679719574173
400,21,575,Route_B,1.5082076619641138,314.4628646900162,538,565.96971443753,-5.1465678105293104,27.96971443753
401,46,727,Route_C,11.206322099143767,313.2877137830798,918,1100.5051823748358,4.551546626650343,182.50518237483584
402,11,520,Route_B,4.883878163812422,139.85082237294148,552,597.6455823184006,-1.7708973086810023,45.64558231840056
403,44,176,Route_B,3.794660876230876,376.52878101614476,788,929.8698122935511,-2.860114596262548,141.86981229355115
407,7,420,Route_B,4.398247105153251,362.9096135317044,132,133.6745285345191,-2.256528367340173,1.674528534519112
408,15,959,Route_C,10.464473993570927,433.9988401690383,122,141.53277461024413,3.809698521077503,19.532774610244132
409,36,975,Route_A,4.614776172406772,241.0923319036503,283,294.52596303415555,-2.0399993000866514,11.525963034155552
410,8,683,Route_B,11.26724103093545,191.12163683615577,197,211.95489564240822,4.612465558442026,14.954895642408218
415,49,322,Route_C,3.4931455206598154,254.85563459956037,243,267.98828335442613,-3.1616299518336084,24.98828335442613
417,4,736,Route_D,5.641401911011214,288.4999902344425,655,695.227297078674,-1.0133735614822097,40.22729707867404
418,31,720,Route_B,8.630642822943301,454.38824396733895,211,221.73407219041272,1.9758673504498772,10.734072190412718
421,40,600,Route_D,7.872283315241546,295.7100648928878,709,841.6323696035383,1.2175078427481223,132.63236960353834
424,9,205,Route_C,7.638858714399455,411.44559680748284,808,868.2606240366571,0.9840832419060312,60.26062403665708
425,18,381,Route_C,10.999674642438025,390.4908203111603,836,855.3934817678016,4.344899169944601,19.39348176780163
426,49,514,Route_A,11.726763619951894,146.72352683246044,590,664.801834909486,5.0719881474584705,74.80183490948605
427,44,124,Route_B,10.996295989373452,422.69838612301544,976,1097.5663839203194,4.341520516880029,121.56638392031937
428,9,541,Route_D,7.760660790421556,288.09730704601753,655,660.6665465121903,1.1058853179281325,5.66654651219028
429,18,988,Route_C,4.226691344614093,215.16206321485242,952,1134.9110251004586,-2.4280841278793313,182.91102510045857
432,16,810,Route_B,5.576534545744308,176.29695447570023,285,337.29462426903547,-1.0782409267491158,52.29462426903547
433,15,100,Route_C,11.018253382586565,104.34461074428026,892,920.2887148477535,4.363477910093141,28.288714847753454
436,11,129,Route_B,5.277496806596028,353.9572242080566,418,485.3937883584766,-1.3772786658973954,67.39378835847663
437,23,976,Route_B,4.6955413975605484,459.36365572418674,636,745.6342057468371,-1.9592340749328754,109.6342057468371
438,11,300,Route_C,7.731521467212577,144.81895805054523,818,860.8887594365037,1.076745994719153,42.88875943650373
442,7,445,Route_D,1.7753296974211688,442.16716670236127,487,559.2384094506315,-4.879445775072255,72.23840945063148
446,1,835,Route_B,4.418320995869487,352.30685116431556,544,551.8113736151333,-2.236454476623937,7.811373615133334
449,8,315,Route_D,9.594660611119192,262.24298607268,515,593.1097486741462,2.939885138625768,78.1097486741462
450,7,586,Route_B,9.494410944393929,493.9750208896899,52,61.309412498378904,2.839635471900505,9.309412498378904
453,44,200,Route_C,9.061549356473172,222.04438698796497,562,581.8413353809751,2.4067738839797483,19.841335380975124
454,32,141,Route_D,11.563777806490453,301.33568940233164,299,302.61008552611526,4.909002333997029,3.610085526115256
457,1,724,Route_A,5.683075817583456,348.79212456501614,383,392.88655503492225,-0.9716996549099681,9.886555034922253
458,20,947,Route_C,9.464660267776509,418.6805942458258,221,250.41487671609374,2.809884795283085,29.414876716093744
461,19,884,Route_A,2.450804805696221,94.02525456510335,862,898.5209180763405,-4.203970666797202,36.520918076340536
462,8,680,Route_D,11.650800139573748,204.1615000367618,81,89.23434245198237,4.9960246670803246,8.234342451982371
465,45,406,Route_A,5.652457771190067,274.6031503822325,368,373.5282891322467,-1.0023177013033564,5.528289132246698
466,50,329,Route_A,1.5082363854410739,242.12864984880304,50,59.22392723423179,-5.14653908705235,9.223927234231788
468,33,350,Route_D,3.855379616878107,54.731978406768576,514,598.4484293198839,-2.799395855615317,84.44842931988387
470,18,477,Route_B,7.197004412271319,220.71554468679474,535,579.6392758464417,0.5422289397778952,44.639275846441706
472,10,937,Route_C,2.316061423192311,221.14668809461,671,718.2426501836013,-4.338714049301113,47.24265018360131
473,2,842,Route_A,6.003530127766975,377.0349925817456,375,412.92051123695995,-0.6512453447264486,37.92051123695995
474,24,505,Route_B,5.460757948056991,258.69593456896973,494,590.8548335809,-1.1940175244364326,96.85483358090005
476,26,595,Route_C,6.6412417087881295,222.47909499164865,79,88.9090618966971,-0.013533763705294355,9.909061896697096
477,4,715,Route_C,7.8964828154698825,163.24269073890088,414,422.61553540143564,1.2417073429764587,8.615535401435636
479,24,523,Route_D,4.917879348888095,433.21670730064596,743,787.3367489215278,-1.7368961236053284,44.33674892152783
482,2,180,Route_B,4.640226556141767,391.29564071969537,742,805.7047227695543,-2.0145489163516572,63.70472276955434
483,45,331,Route_B,5.4807606734402965,348.3243001701997,131,146.23304529968976,-1.1740147990531273,15.233045299689763
486,35,581,Route_B,10.656506441771558,262.14971860193293,285,303.285077176892,4.001730969278134,18.285077176892003
488,17,968,Route_A,11.552692388335968,185.66993039915513,814,934.1603209394926,4.897916915842544,120.16032093949264
489,48,209,Route_C,5.462752205156136,198.5272269589455,192,220.3770990300488,-1.1920232673372881,28.37709903004881
490,34,470,Route_D,7.240556983822145,209.4711016978003,52,52.22350596546154,0.5857815113287215,0.22350596546154122
491,11,861,Route_A,7.27673529224216,170.3395421807984,749,852.7413899209096,0.6219598197487359,103.74138992090957
492,37,607,Route_B,10.224378335480536,387.0053087317403,344,363.7812661756229,3.5696028629871117,19.781266175622875
496,6,844,Route_B,8.703510706054937,305.69581478381156,400,461.5362845173788,2.048735233561513,61.53628451737882
499,22,139,Route_D,6.12150444329082,239.70224794097308,947,1010.0595082817462,-0.5332710292026039,63.05950828174616
502,24,636,Route_B,4.3981789151018855,100.60864160500338,358,359.296228645691,-2.2565965573915383,1.2962286456909737
504,49,288,Route_A,1.968719993726447,392.4364293354968,815,952.9582579529865,-4.686055478766977,137.95825795298651
505,6,524,Route_D,6.9383317839905745,360.9440079921887,557,665.20246955055,0.28355631149715066,108.20246955054995
506,12,866,Route_A,11.558681006370737,267.5175807548065,711,837.514769933153,4.903905533877313,126.51476993315305
507,25,714,Route_C,7.6064487922911175,368.30646274912755,60,64.76088862630442,0.9516733197976937,4.760888626304421
508,36,120,Route_A,3.212144984672104,173.43274495245734,979,986.1320809380989,-3.4426304878213196,7.132080938098852
509,49,945,Route_D,10.324483587646112,73.52699464993546,427,511.3348435503233,3.6697081151526882,84.33484355032328
510,23,258,Route_A,11.34822832955981,267.829833005291,298,347.700484929124,4.693452857066386,49.700484929124
512,23,263,Route_C,7.761886422060773,326.47579941374687,688,796.7670444170426,1.1071109495673488,108.7670444170426
517,21,910,Route_C,8.478904366020767,174.6632927094701,427,499.719439547497,1.8241288935273436,72.71943954749702
521,1,950,Route_C,9.676710582442292,461.50960147011233,807,893.6219615168231,3.021935109948868,86.62196151682315
522,48,951,Route_C,10.271035979237777,84.71673279953411,255,302.56096350002605,3.6162605067443527,47.56096350002605
523,36,983,Route_B,1.238723607167707,63.269775607845595,538,640.159472596926,-5.416051865325716,102.15947259692598
525,39,977,Route_B,9.519467064321187,221.16897756550176,418,434.71024415098384,2.8646915918277633,16.71024415098384
532,36,922,Route_A,5.069628682346156,403.8646225421069,192,216.36688614707407,-1.5851467901472676,24.36688614707407
534,33,836,Route_C,3.1179048565470286,453.2071460300792,629,690.4611185432275,-3.536870615946395,61.461118543227485
535,41,216,Route_A,3.5420483371658587,191.14479896275782,244,248.01453351553542,-3.112727135327565,4.014533515535419
536,48,681,Route_B,5.540655366722257,236.26397303834733,705,774.1228650459025,-1.1141201057711667,69.12286504590247
538,20,204,Route_D,5.203935932004654,94.07149435921161,391,441.0110814832921,-1.4508395404887695,50.011081483292116
541,5,814,Route_C,8.823774139538989,61.8737621310013,63,67.94519327234583,2.1689986670455648,4.945193272345833
542,48,842,Route_B,10.710161752209377,337.9193828119858,480,498.4131710878088,4.055386279715953,18.41317108780879
544,48,286,Route_A,4.81563948669139,345.7557515380487,924,1093.471732778757,-1.8391359858020335,169.4717327787571
545,24,284,Route_B,11.62419284245184,174.7209400069545,552,614.4834824756254,4.969417369958417,62.48348247562535
546,29,495,Route_A,2.6588373174891844,207.82587573970596,749,862.5833389750554,-3.9959381550042394,113.58333897505543
547,44,587,Route_C,4.0508387735834415,291.6282040240844,206,217.05219804825262,-2.6039366989099824,11.05219804825262
549,33,548,Route_A,7.960174644348835,201.11906662529327,486,568.43996114395,1.3053991718554112,82.43996114394997
550,21,491,Route_C,11.117283677852654,76.5713952097438,242,264.3547708752185,4.462508205359231,22.35477087521849
553,28,471,Route_B,2.532814113065249,440.6608049614623,782,801.0964945295323,-4.121961359428175,19.096494529532265
560,26,349,Route_A,9.846024416495746,101.03475984132346,426,493.39149557492755,3.1912489440023224,67.39149557492755
561,21,678,Route_C,11.355900217668436,58.64851160803764,903,966.5827599602923,4.701124745175012,63.582759960292265
563,38,980,Route_D,5.3829021999113,381.44531609225396,630,741.131820893791,-1.2718732725821242,111.13182089379097
572,30,181,Route_C,8.353503623918488,203.75512726656467,469,561.8196490209025,1.6987281514250645,92.81964902090249
575,43,481,Route_B,1.1531658690027056,209.3949334781442,500,591.3893133751285,-5.501609603490718,91.3893133751285
576,29,584,Route_B,11.562758029222337,373.7563895420748,924,951.2869472629563,4.907982556728913,27.286947262956346
581,49,876,Route_B,1.6633711634697361,430.8070579333443,482,526.6530117878971,-4.991404309023688,44.65301178789707
582,32,598,Route_D,10.157035891739035,229.93645105101362,250,268.9732676936251,3.5022604192456113,18.973267693625075
585,33,925,Route_A,9.676191994880044,243.15528895199589,498,531.2222115228476,3.0214165223866205,33.2222115228476
587,42,428,Route_C,8.892760272515176,201.51093620469723,821,847.734036955242,2.237984800021752,26.734036955242004
588,50,360,Route_C,7.559633179690305,167.68435018700268,603,706.6725673729426,0.9048577071968813,103.67256737294258
589,37,984,Route_A,10.285841525471799,88.88898264881114,314,335.4291450494163,3.631066052978375,21.42914504941632
591,46,317,Route_D,5.949132490592132,344.1504237070188,209,249.58057886996508,-0.7056429819012919,40.58057886996508
593,23,518,Route_D,7.333585159643842,156.94646611017413,104,123.54123206679867,0.6788096871504186,19.54123206679867
594,45,141,Route_C,4.889401781494328,467.06872158457196,807,844.3263747972213,-1.7653736909990956,37.32637479722132
596,3,854,Route_B,9.436602642194895,163.2494616619819,512,553.7907513186585,2.7818271697014714,41.79075131865852
608,17,847,Route_C,1.253396145970798,56.04160479133622,557,638.1140492116303,-5.401379326522626,81.11404921163034
610,8,990,Route_B,6.843713710238245,164.18223324789864,866,941.3677355117981,0.18893823774482144,75.36773551179806
612,8,661,Route_A,11.506841840903553,157.3317566507657,187,192.8499514394537,4.852066368410129,5.84995143945369
614,1,883,Route_A,8.750234006094697,108.04587625445785,780,913.8627580553984,2.095458533601273,133.86275805539844
616,16,156,Route_C,11.6746460729685,282.4036885920125,597,694.7587685058219,5.019870600475076,97.75876850582188
618,14,998,Route_C,6.385401410680373,443.96535555907457,807,868.0625780006679,-0.2693740618130507,61.06257800066794
619,20,140,Route_D,5.3900783339356035,212.59618022996347,953,996.8015410626095,-1.2646971385578203,43.801541062609544
621,26,682,Route_C,11.89709188469377,398.16592921294904,916,965.13208894346,5.2423164122003465,49.13208894345996
622,5,187,Route_A,8.157868769197595,238.819554474418,911,1084.2326888448918,1.5030932967041712,173.23268884489175
623,18,284,Route_D,3.810222800940712,348.3868346418486,832,840.404733247863,-2.844552671552712,8.404733247862964
624,47,983,Route_D,3.2309652961468087,413.56128478586425,693,737.1068799797348,-3.423810176346615,44.1068799797348
625,31,632,Route_D,2.6532372866901,211.84479361485054,766,901.6768789640408,-4.001538185803324,135.67687896404084
628,40,806,Route_D,3.2070515077431687,245.4500317603907,531,531.6801178091058,-3.447723964750255,0.6801178091058091
630,48,519,Route_A,8.74304375103994,262.98543797611023,129,153.37950469868818,2.088268278546516,24.37950469868818
631,19,832,Route_A,9.492155232483448,119.42109031857773,454,465.9269923534005,2.837379759990024,11.926992353400522
632,15,223,Route_D,10.984024023461565,136.1440299911198,161,163.43049365423553,4.329248550968141,2.4304936542355335
634,32,806,Route_D,5.278737257058084,360.3525398335234,173,202.61212683055888,-1.37603821543534,29.61212683055888
635,14,410,Route_A,9.058419129217233,253.12387815040026,755,755.5014271319877,2.4036436567238093,0.5014271319877253
638,27,527,Route_A,5.0636700954831895,396.1222806270005,710,711.9085186805733,-1.5911053770102344,1.908518680573252
639,49,108,Route_C,5.768418422111703,402.9720487190368,281,324.37032829532126,-0.8863570503817204,43.37032829532126
641,37,627,Route_D,2.765421010299085,398.0287430240382,172,197.97331028806204,-3.889354462194339,25.973310288062038
644,8,624,Route_C,2.119858401519675,483.5867994784893,324,334.84443391197215,-4.534917070973749,10.844433911972146
646,2,360,Route_B,10.69933749242601,376.3150593908064,256,285.80437760079616,4.044562019932585,29.80437760079616
648,25,790,Route_D,1.1148795675014418,87.32912916563549,69,78.06637322253249,-5.539895904991982,9.06637322253249
649,37,116,Route_B,6.319604665568276,342.8605152849453,101,109.29354069623108,-0.3351708069251478,8.293540696231076
650,2,329,Route_B,10.050492809252585,323.7069067235391,612,644.127152783356,3.3957173367591613,32.127152783355996
652,20,107,Route_C,10.572966795408925,359.99706483508976,321,375.9463209317551,3.9181913229155017,54.94632093175511
653,17,685,Route_A,4.14732685471877,389.2664870317797,200,223.22762137773933,-2.5074486177746538,23.227621377739325
654,1,463,Route_C,8.04173073792133,59.753606080744035,771,895.2358397850401,1.3869552654279067,124.23583978504007
655,15,814,Route_A,5.49911801266926,472.759678814752,933,938.0619339430024,-1.1556574598241642,5.061933943002373
656,39,295,Route_A,10.65665071866121,360.78285693273597,105,120.75804257913343,4.001875246167786,15.75804257913343
657,18,116,Route_C,7.922828976822887,464.60378602434974,534,611.9527478235713,1.2680535043294627,77.95274782357126
663,42,569,Route_B,4.221299723387763,271.98262962528867,244,275.8939810702634,-2.4334757491056607,31.893981070263408
664,27,512,Route_C,8.438452710306002,279.46550084460415,346,365.88260237284294,1.7836772378125785,19.88260237284294
665,40,265,Route_C,7.240139975319376,233.19393917604756,408,478.1546969215104,0.5853645028259518,70.15469692151038
667,16,283,Route_B,9.290931968251192,400.73316614585787,451,520.4573132991824,2.636156495757768,69.45731329918237
671,12,437,Route_B,11.518985125556622,54.343980394529886,638,684.7105603895776,4.864209653063198,46.71056038957761
672,46,316,Route_B,1.0301801481523827,226.19269526908474,454,476.3852961428503,-5.624595324341041,22.38529614285028
674,4,723,Route_B,8.146982257759362,465.50031169734007,872,888.2613691555073,1.492206785265938,16.261369155507282
676,36,925,Route_D,6.866786472986312,275.7792298495298,969,1139.8132824045701,0.2120110004928879,170.81328240457015
677,33,185,Route_A,11.203114551381884,302.1354314911182,515,530.3349818559141,4.54833907888846,15.334981855914066
678,50,988,Route_D,10.917215308106533,334.0318571052048,749,860.8447716512046,4.262439835613109,111.84477165120461
680,15,359,Route_A,7.947526418266333,381.42882772532613,514,528.9998084143872,1.2927509457729096,14.99980841438719
681,4,575,Route_C,1.5547232640012174,487.1684094026909,311,343.96983837282994,-5.100052208492206,32.96983837282994
682,47,615,Route_B,10.922932510648595,192.93793323114627,428,434.4535772445274,4.268157038155171,6.453577244527423
683,25,675,Route_C,3.9767086727392735,466.7276070396498,578,668.8143088458739,-2.6780667997541503,90.81430884587394
684,47,614,Route_A,5.235499946563999,62.84308293797095,358,383.1314179430196,-1.4192755259294252,25.131417943019585
685,9,608,Route_A,9.88837467367509,226.72994396739605,964,974.7091531376478,3.233599201181666,10.709153137647831
686,24,242,Route_C,10.370547914415313,348.0877480116404,207,234.50271656222935,3.7157724419218896,27.502716562229352
687,46,972,Route_C,2.5785926466983216,214.21264392318167,647,689.8416630053388,-4.076182825795103,42.84166300533877
689,42,109,Route_B,6.9469998229504135,301.67429563406245,324,324.4976747232978,0.2922243504569897,0.4976747232977914
691,34,336,Route_A,7.335488336763459,187.08918201385495,986,1086.1295693310858,0.6807128642700349,100.1295693310858
693,4,288,Route_B,8.33433849289286,243.9428459233329,382,425.75184887806364,1.6795630203994358,43.75184887806364
694,47,199,Route_A,5.2417444703356955,65.6088575734367,213,234.24135109885478,-1.4130310021577284,21.24135109885478
696,27,659,Route_B,4.585575352093665,375.43181003373365,238,265.7744124317682,-2.069200120399759,27.774412431768212
700,36,921,Route_D,11.540684842356672,374.2122383241116,736,751.7177213712886,4.885909369863248,15.717721371288576
702,26,103,Route_A,10.073517321942584,259.16169858490434,399,448.10854378702305,3.4187418494491597,49.10854378702305
709,37,206,Route_C,3.586718310937406,249.57205346253144,690,806.4408889947879,-3.068057161556018,116.44088899478788
710,23,946,Route_C,1.224708665420188,368.23981313823106,260,270.0916196888202,-5.430066807073236,10.091619688820174
712,26,818,Route_A,4.270799789459861,240.8662182332202,991,1003.3100230603148,-2.3839756830335626,12.310023060314847
713,27,806,Route_A,8.01318707737202,369.3324270128089,956,1003.0059812466664,1.3584116048785964,47.00598124666635
718,18,414,Route_D,10.92753194851891,280.7336264473796,205,216.58222778540662,4.272756476025486,11.582227785406616
719,7,220,Route_C,4.166495305109901,200.15999468318773,673,796.4295961701388,-2.4882801673835226,123.42959617013878
720,26,945,Route_D,7.037296133158673,338.7396481775519,793,910.9573451674701,0.38252066066524915,117.95734516747007
722,29,686,Route_C,11.586171333130796,60.18022005614965,184,196.58037579789936,4.931395860637372,12.580375797899364
728,23,541,Route_A,7.9525590443824195,98.53670895679144,460,481.7453689695479,1.2977835718889956,21.745368969547883
730,25,938,Route_C,9.946883128139252,149.7413291057707,250,260.64210625642227,3.292107655645828,10.642106256422267
732,13,177,Route_C,5.564174590889913,369.2287184756114,584,676.1559392287256,-1.0906008816035104,92.15593922872563
734,5,473,Route_C,6.9320390724007295,485.59420157738657,902,968.5708025532302,0.27726359990730565,66.57080255323024
735,12,922,Route_A,3.8918755470018067,421.08009794534394,955,985.689916788988,-2.762899925491617,30.689916788987944
736,29,707,Route_C,1.9929113534827003,321.24458991578524,675,774.0439512458972,-4.6618641190107235,99.04395124589723
739,9,511,Route_A,1.5096298613171293,107.52443406683324,59,63.68928540821923,-5.145145611176295,4.689285408219227
741,12,393,Route_B,6.613202561184799,271.74869813560935,389,432.57689894207596,-0.041572911308624505,43.57689894207596
744,14,319,Route_A,7.195021385117593,378.7432247115795,312,331.12341838209,0.5402459126241688,19.123418382089994
746,44,784,Route_C,11.150129615732991,223.65068280034149,578,598.6916177299684,4.495354143239568,20.691617729968357
747,34,373,Route_C,4.5578183703403905,439.88717201042317,195,198.8691404347724,-2.0969571021530333,3.8691404347723903
748,40,231,Route_A,10.010832805722595,420.579399923061,577,645.8536203802427,3.356057333229171,68.85362038024266
749,35,529,Route_B,4.738707013753776,400.1024467009498,201,207.78078407392306,-1.9160684587396482,6.7807840739230585
750,42,649,Route_A,2.2128469092074146,375.3864829607139,523,614.7187968696454,-4.441928563286009,91.71879686964542
752,36,525,Route_D,7.164820591382016,257.75913946682454,950,1016.2365433043209,0.5100451188885922,66.23654330432089
753,21,834,Route_B,8.681947854413686,325.48103319997887,233,276.5427523969639,2.027172381920262,43.54275239696392
755,49,673,Route_C,4.698265290675343,384.60073862892494,376,435.6916397394734,-1.9565101818180812,59.69163973947337
758,24,957,Route_C,8.139296963902058,346.1551116400323,687,718.0441829998281,1.4845214914086347,31.04418299982808
759,26,136,Route_B,4.887982676980332,232.4346870508001,766,903.373045734135,-1.7667927955130915,137.37304573413496
760,6,869,Route_D,7.923110993724626,171.3654968169185,713,782.7329307837041,1.2683355212312017,69.73293078370409
762,7,691,Route_C,5.022097625100399,283.058851615399,698,808.2330288480059,-1.6326778473930252,110.23302884800592
763,49,290,Route_C,8.293342854474705,459.1372600566533,250,287.1671777272926,1.6385673819812814,37.1671777272926
765,29,133,Route_C,4.437591588158491,158.0169774715177,693,774.610697187027,-2.2171838843349327,81.61069718702697
767,45,284,Route_A,2.5715712396500567,372.04367735493327,286,295.62580186103986,-4.083204232843367,9.62580186103986
770,27,373,Route_A,10.457836253806292,476.4135012489571,993,1003.3565834202701,3.803060781312868,10.356583420270113
773,37,817,Route_B,11.900693295927624,428.762082780617,61,72.64726754913411,5.2459178234342,11.647267549134114
774,3,631,Route_D,11.730022911785026,466.2391396390488,189,205.06853086284104,5.075247439291602,16.068530862841044
776,12,203,Route_D,7.048011318170131,401.5570151022997,521,554.4994728076829,0.3932358456767071,33.49947280768288
777,19,828,Route_A,11.576139425256532,234.49694238258516,851,886.7562144958208,4.921363952763108,35.756214495820814
778,40,782,Route_B,10.488791343101852,217.00650443045987,564,583.5290685558695,3.834015870608428,19.529068555869458
782,19,340,Route_D,4.037060805935283,169.8666569241711,561,564.8526873032451,-2.6177146665581406,3.8526873032451476
784,41,696,Route_A,10.272439796380983,354.11608962364556,798,841.6262888089263,3.617664323887559,43.62628880892635
785,38,790,Route_D,8.142270076129293,205.17569095734223,400,417.1797454647079,1.4874946036358692,17.179745464707878
789,35,818,Route_A,1.30945042942903,474.9083284268637,696,764.873152986592,-5.345325043064394,68.873152986592
790,33,220,Route_A,7.614694444113741,363.53770182709354,564,596.8461890088063,0.9599189716203176,32.84618900880628
791,27,729,Route_D,8.382664038830733,230.48517910646584,69,70.13370690015823,1.7278885663373087,1.1337069001582307
792,38,608,Route_A,7.462551735698101,98.64250302961958,892,936.271484561508,0.8077762632046772,44.27148456150803
793,46,572,Route_A,11.936758794385685,355.472750098505,619,732.4041921095942,5.281983321892262,113.40419210959419
795,31,218,Route_A,7.070690197875027,130.3008459603471,199,200.0449938076178,0.41591472538160357,1.0449938076178
796,34,281,Route_C,1.114440808814793,273.0767956918287,573,597.4054149183341,-5.540334663678631,24.405414918334145
803,37,443,Route_D,8.983680492363707,138.54296278550845,470,557.2568642679767,2.328905019870283,87.25686426797665
804,46,449,Route_D,5.482946150385131,126.82524814218695,69,72.42253043702776,-1.1718293221082927,3.42253043702776
805,35,558,Route_B,10.727301740700938,334.2634968822979,669,720.5527329685166,4.072526268207514,51.55273296851658
807,42,460,Route_D,8.060469122102006,109.36251691705746,804,898.2744719843937,1.4056936496085823,94.2744719843937
808,32,953,Route_A,2.983807904085438,468.44353865010675,456,483.64261044921346,-3.6709675684079857,27.642610449213464
810,30,107,Route_A,1.4439511891871528,299.9931183182478,213,227.88554112278885,-5.2108242833062715,14.885541122788851
811,47,903,Route_D,11.937840192047089,215.9071014982025,337,365.212745224185,5.283064719553665,28.212745224185028
812,21,756,Route_A,11.09458120328952,293.9565803766718,844,994.4545426105817,4.439805730796096,150.4545426105817
814,10,572,Route_A,2.5206957384897564,202.08061144797446,422,471.86668550164154,-4.1340797340036675,49.86668550164154
815,27,471,Route_C,2.0784063672976574,496.95012105902816,777,892.1852876658222,-4.5763691051957665,115.18528766582222
816,35,671,Route_B,5.702506051800593,102.9264156807117,254,264.94396762577514,-0.952269420692831,10.943967625775144
817,43,976,Route_D,1.418761603719007,55.45676144936978,562,630.3437260292537,-5.236013868774417,68.34372602925373
818,5,454,Route_A,10.966722862928583,361.6812512588454,423,426.56087908152006,4.311947390435159,3.5608790815200564
821,35,728,Route_D,1.2376804333029576,427.31990119754863,920,1063.4847953213011,-5.417095039190466,143.48479532130114
823,33,111,Route_C,2.2492506975373274,309.2312017098278,719,745.0250130981616,-4.405524774956096,26.025013098161594
826,18,634,Route_B,11.368147073907517,141.4639963330251,813,919.5892525457275,4.713371601414093,106.5892525457275
828,27,843,Route_A,6.331809478766417,408.6519393381128,250,289.26119533334816,-0.3229659937270064,39.261195333348155
830,14,773,Route_A,1.8333408579828174,104.70239378083224,81,89.19947329250833,-4.821434614510606,8.19947329250833
835,4,522,Route_D,4.585702287509636,296.4648658092466,803,850.0469987512673,-2.069073184983788,47.046998751267324
839,40,918,Route_D,10.88561045989538,458.8022047800734,55,64.073705964606,4.230834987401956,9.073705964606006
840,11,820,Route_B,3.1225867989740212,139.0811983373627,460,515.6414896003471,-3.5321886735194026,55.641489600347086
843,36,347,Route_A,4.191668682692361,147.54894015000025,371,422.5671685099159,-2.4631067898010626,51.567168509915916
844,29,741,Route_C,1.0299337768540773,128.87505339973742,160,177.29963569439667,-5.624841695639347,17.29963569439667
845,25,344,Route_B,1.4059727747611213,179.10852531090802,417,459.99092390947544,-5.248802697732303,42.99092390947544
847,10,352,Route_A,11.666739605390994,232.34315674710368,376,448.269972733779,5.01196413289757,72.26997273377901
850,4,573,Route_B,8.03030088770906,248.39698062835438,423,443.75944558177093,1.3755254152156366,20.759445581770933
854,13,547,Route_D,8.613131213499123,280.985354557067,244,288.9684055838886,1.9583557410056995,44.968405583888625
855,36,572,Route_A,9.911957347823511,231.34685951235437,292,325.60050079981,3.2571818753300876,33.60050079980999
857,9,277,Route_D,5.58228244699008,111.79780203443853,257,273.96987973786173,-1.072493025503344,16.96987973786173
858,35,161,Route_B,11.358178887391837,137.76325777565205,325,363.02018160834234,4.703403414898413,38.02018160834234
860,41,526,Route_B,8.506856304611274,210.21753262865724,623,703.7764967944096,1.8520808321178501,80.77649679440958
861,6,525,Route_A,11.599340428756104,131.07422676550138,161,165.26339741987712,4.94456495626268,4.263397419877123
862,35,417,Route_B,10.93526567140746,434.5767396516472,917,923.8456502147175,4.280490198914037,6.845650214717466
864,2,330,Route_A,8.027637361084736,461.3937747725699,293,336.9082619022797,1.372861888591312,43.90826190227972
866,9,759,Route_D,10.297032125476338,355.14511415893753,800,853.9173689633761,3.6422566529829146,53.917368963376134
868,5,702,Route_C,4.035222289318957,434.1720535775061,749,836.9103458316232,-2.6195531831744665,87.9103458316232
870,17,441,Route_B,5.683126635651201,68.75736660416581,238,280.24410480909233,-0.9716488368422231,42.244104809092335
871,29,552,Route_A,8.416044685568238,461.6912954762332,73,84.86804732590701,1.7612692130748142,11.868047325907014
874,19,488,Route_A,1.822042836342637,157.60776701577447,232,260.04418017995283,-4.832732636150787,28.044180179952832
875,25,429,Route_A,4.669025245211317,390.65503868558716,940,1055.7109320206125,-1.9857502272821073,115.71093202061252
877,22,951,Route_B,4.859037908483154,281.97424753910394,243,278.65323919388356,-1.7957375640102695,35.653239193883564
879,16,455,Route_A,6.604099132402026,139.23206605911884,160,178.29112852949694,-0.050676340091397876,18.291128529496945
880,38,860,Route_C,6.669312108814998,244.24243247777972,634,740.4954090270836,0.01453663632157376,106.49540902708361
881,30,857,Route_A,2.2787041713776808,354.3727808027324,275,276.4961476317314,-4.3760713011157435,1.4961476317313895
886,30,762,Route_B,5.094197451087221,398.61157701516424,588,672.2730173696552,-1.5605780214062026,84.27301736965524
887,46,719,Route_D,10.403731804773633,54.8228909537444,984,1155.0450198540723,3.7489563322802093,171.04501985407228
889,42,198,Route_D,10.995705902165344,100.42854496440863,397,439.4138644601616,4.34093042967192,42.41386446016162
890,39,960,Route_C,5.229003488396172,99.48235335466396,92,110.0704221227428,-1.4257719840972518,18.070422122742798
892,20,712,Route_A,4.816463448631987,178.7077778676738,998,1187.9267288759465,-1.8383120238614366,189.92672887594654
897,38,920,Route_D,2.990067233045756,248.52888941212433,545,635.2359942590664,-3.664708239447668,90.23599425906639
898,34,901,Route_D,8.798279987468684,185.62349584960793,787,861.9970944601444,2.14350451497526,74.99709446014435
900,24,868,Route_B,2.9442364531444256,397.070981840271,799,833.9712147387341,-3.710539019348998,34.97121473873415
901,41,538,Route_B,9.560045334943432,130.8885931480752,985,1084.1778950372993,2.905269862450008,99.17789503729932
903,31,150,Route_C,2.527651657583565,471.6758857000474,555,580.5767882897821,-4.127123814909859,25.576788289782144
904,37,142,Route_A,8.08451360133969,292.3758381726275,821,930.3766903390085,1.4297381288462665,109.37669033900852
906,33,827,Route_B,8.200481008170597,209.10896679238954,95,108.90044140647775,1.5457055356771727,13.900441406477754
909,29,911,Route_A,9.236119511108793,106.73042384826488,442,466.6500622788506,2.581344038615369,24.650062278850612
912,16,466,Route_D,10.35868150965158,418.06238799465007,237,240.31629391326686,3.7039060371581565,3.316293913266861
913,45,232,Route_C,3.4583540902777012,157.32020829971697,295,315.1098987102702,-3.1964213822157226,20.109898710270215
916,40,859,Route_D,7.812555392475366,359.9828865538481,762,882.9048026565908,1.1577799199819419,120.90480265659085
917,15,699,Route_D,9.331489969521334,240.112843568331,856,873.025008991221,2.67671449702791,17.025008991220943
918,24,542,Route_A,11.391521911408372,186.73131063809876,127,134.71649558027136,4.736746438914948,7.716495580271356
920,6,902,Route_A,1.1721959900084054,159.8012206739715,411,451.1814549221133,-5.4825794824850185,40.18145492211329
921,23,562,Route_D,8.902558976058142,214.0699895069586,220,239.2189215233894,2.247783503564718,19.21892152338941
925,42,494,Route_A,8.949126645683208,446.9273320970358,136,140.7689005033495,2.294351173189784,4.768900503349499
926,25,964,Route_B,7.601433013637866,299.82860214088345,913,1044.588021063516,0.9466575411444422,131.58802106351595
929,40,690,Route_C,9.268241962666677,78.0468452001412,681,706.6124002455391,2.613466490173253,25.612400245539106
931,35,468,Route_C,7.826823370959118,175.8410161234212,247,287.2867031158128,1.172047898465694,40.28670311581283
933,43,143,Route_A,6.725824811042058,387.6399130131438,197,207.34206385826693,0.07104933854863393,10.342063858266926
934,47,806,Route_B,3.902780992062921,132.25812176308904,991,1127.1093205313764,-2.7519944804305028,136.1093205313764
935,26,311,Route_D,4.947042846328603,364.23889853225626,928,969.9011722541637,-1.7077326261648205,41.901172254163725
937,36,533,Route_C,7.794551809880287,177.15837865148848,394,411.16943784045736,1.1397763373868628,17.169437840457363
938,49,795,Route_B,8.765081893968183,84.61046329646301,288,332.76689255715974,2.1103064214747596,44.766892557159736
939,36,722,Route_B,5.301917769990091,98.46485661300908,965,1000.4726842665025,-1.352857702503333,35.47268426650248
943,11,102,Route_B,2.5006431255762305,182.21506269401632,465,505.2658645664527,-4.154132346917193,40.265864566452706
945,29,628,Route_D,10.181036619032477,268.9488979814471,590,606.4572947327027,3.5262611465390536,16.457294732702735
946,40,884,Route_C,3.6113743903589963,86.14369902844075,365,371.97535595851105,-3.0434010821344275,6.975355958511045
947,18,540,Route_C,9.927327515407773,382.5245366117677,688,751.0372890063481,3.2725520429143495,63.037289006348146
950,12,475,Route_D,11.559311612626928,260.9519217635403,520,558.8029611123983,4.904536140133504,38.80296111239829
953,49,207,Route_A,9.056672853381867,415.17284131245873,858,974.089524722889,2.4018973808884434,116.089524722889
956,38,149,Route_A,9.816584423581707,319.2464380473206,197,211.71974260287877,3.1618089510882834,14.719742602878767
957,2,490,Route_A,10.811540488923542,224.5263606625314,674,687.0782815450284,4.156765016430119,13.078281545028403
958,15,686,Route_A,11.533902715179105,392.94927966671037,603,692.5460438988661,4.879127242685681,89.54604389886606
959,32,836,Route_A,3.0056947509743415,188.67092394802992,778,800.0690795447657,-3.6490807215190824,22.069079544765714
960,35,664,Route_C,1.1795753054787208,126.5818342551,356,405.74377785487974,-5.4752001670147035,49.74377785487974
961,31,849,Route_B,6.118189170183615,236.23818169166378,413,492.65706081074006,-0.536586302309809,79.65706081074006
964,48,296,Route_D,10.391818110110496,202.4363937994957,189,190.3902902369347,3.737042637617072,1.3902902369347032
965,22,997,Route_A,2.2580185780374857,146.52712487560046,303,316.2809634526323,-4.3967568944559385,13.280963452632307
966,25,703,Route_C,3.4333172974537023,480.4242431972882,831,990.8999349074438,-3.2214581750397215,159.89993490744382
967,48,569,Route_D,7.850646825223201,421.33893026181687,824,963.2948487998755,1.1958713527297773,139.29484879987547
969,1,722,Route_B,10.063373370112867,85.02345907566011,105,106.71627482233062,3.408597897619443,1.7162748223306181
970,45,171,Route_C,6.659087069219685,70.14651892521289,280,305.56824403613194,0.004311596726260802,25.568244036131944
972,18,549,Route_B,7.1164824135140705,226.7507615140192,319,365.74186505408755,0.4617069410206467,46.741865054087555
974,44,355,Route_C,2.7715823179856223,242.19657956952685,688,809.2782576255026,-3.8831931545078016,121.27825762550265
978,34,803,Route_A,10.584054715705784,240.04682322697377,743,750.4022251377585,3.9292792432123607,7.402225137758478
979,14,745,Route_C,6.608370560946696,499.9269058714003,121,134.9918327332702,-0.04640491154672777,13.9918327332702
982,17,520,Route_D,2.472391474776522,247.86490205397845,510,573.0351226962474,-4.182383997716902,63.03512269624741
984,36,466,Route_B,10.678637934528172,436.19706493156474,116,137.75752432714071,4.0238624620347485,21.757524327140715
985,34,536,Route_D,6.426122791345739,496.6260887119735,336,371.7252030572113,-0.22865268114768522,35.725203057211274
986,13,901,Route_C,6.4089784111578805,292.819931838726,111,120.15884134711857,-0.24579706133554335,9.158841347118567
988,32,863,Route_A,9.513015346370569,208.72864769392368,456,463.544858101904,2.858239873877145,7.544858101904026
990,21,558,Route_D,1.4840057286818071,131.04347868357723,755,878.2044118745728,-5.170769743811617,123.20441187457277
991,28,875,Route_A,8.823631135046178,79.67562603990723,949,1104.0820419415766,2.1688556625527537,155.08204194157656
993,27,633,Route_A,11.750291754764747,365.9225983055864,147,152.83489733468036,5.095516282271324,5.834897334680363
994,35,923,Route_A,4.50281434170666,492.8399837587173,257,294.48163323414025,-2.1519611307867637,37.48163323414025
995,50,458,Route_B,1.3031653705314534,288.77526359849753,285,305.89129151955404,-5.35161010196197,20.891291519554045
997,15,472,Route_B,5.609939780635507,387.7848685435954,443,471.5124885760089,-1.0448356918579167,28.512488576008877
998,46,737,Route_B,4.0161675633938945,484.9456595255898,246,252.31396303985287,-2.6386079090995294,6.313963039852865
